sampleid	Fragment	ParasiteSpecies	ParasiteSex	BatSpecies	BatSex	Index1	Index2	Pool	DateExtracted	DateAmplified	AvLibraryConc	BatID	BatFamily	FeedingGuild	ParasiteFamily	Region
#q2:types	categorical	categorical	categorical	categorical	categorical	categorical	categorical	categorical	categorical	categorical	numeric	numeric	categorical	categorical	categorical	categorical
1006	REGUA2	Paratrichobius longicrus	M	Artibeus lituratus	M	CGTACTAG	TTATGCGA	HC	41017	51217	0.97	1006	Phyllostomidae	Frugivore	Streblidae	REGArea
1012	REGUA2	Strebla guajiro	F	Carollia perspicillata	M	GTAGAGGA	TCGACTAG	HC	121017	51217	1.41	1012	Phyllostomidae	Frugivore	Streblidae	REGArea
1015	REGUA2	Paratrichobius longicrus	F	Artibeus lituratus	F	AGGCAGAA	TCGACTAG	HC	41017	51217	1.71	1015	Phyllostomidae	Frugivore	Streblidae	REGArea
1017	REGUA2	Trichobius furmani	M	Desmodus rotundus	M	CCTAAGAC	TATCCTCT	HC	21217	61217	0.77	1017	Phyllostomidae	Sanguivore	Streblidae	REGArea
102	LI6	Basilia juquiensis	M	Myotis nigricans	F	CGTACTAG	CTAAGCCT	LC	21217	61217	0.55	102	Vespertillionidae	Insectivore	Nycteribiidae	LIMI
1022	REGUA2	Paratrichobius longicrus	F	Artibeus lituratus	F	AGGCAGAA	TTCTAGCT	HC	41017	51217	0.91	1022	Phyllostomidae	Frugivore	Streblidae	REGArea
1033-1	REGUA2	Strebla guajiro	M	Carollia perspicillata	F	GTAGAGGA	TTCTAGCT	HC	121017	51217	0.72	1033	Phyllostomidae	Frugivore	Streblidae	REGArea
1033-2	REGUA2	Strebla guajiro	F	Carollia perspicillata	F	GTAGAGGA	CCTAGAGT	HC	121017	51217	1.43	1033	Phyllostomidae	Frugivore	Streblidae	REGArea
1033-3	REGUA2	Trichobius joblingi		Carollia perspicillata	F	GTAGAGGA	GCGTAAGA	HC	121017	51217	0.77	1033	Phyllostomidae	Frugivore	Streblidae	REGArea
104-1	MI6	Basilia andersoni	F	Myotis nigricans	M	AGGCAGAA	CTAAGCCT	HC	21217	61217	0.6	104	Vespertillionidae	Insectivore	Nycteribiidae	LIMI
105-1	MI6	Basilia juquiensis	F	Myotis nigricans	M	AGGCAGAA	CGTCTAAT	HC	21217	61217	2.1	105	Vespertillionidae	Insectivore	Nycteribiidae	LIMI
105-2	MI6	Basilia juquiensis	M	Myotis nigricans	M	AGGCAGAA	TCTCTCCG	HC	21217	61217	1.63	105	Vespertillionidae	Insectivore	Nycteribiidae	LIMI
105-3	MI6	Basilia juquiensis	M	Myotis nigricans	M	TCCTGAGC	CTCTCTAT	HC	21217	61217	0.93	105	Vespertillionidae	Insectivore	Nycteribiidae	LIMI
1068	REGUA2	Strebla wiedemanni	M	Desmodus rotundus	M	CCTAAGAC	GTAAGGAG	HC	21217	61217	0.62	1068	Phyllostomidae	Sanguivore	Streblidae	REGArea
1074	REGUA2	Strebla wiedemanni	M	Desmodus rotundus	F	CCTAAGAC	ACTGCATA	HC	21217	61217	0.75	1074	Phyllostomidae	Sanguivore	Streblidae	REGArea
1079	REGUA2	Strebla wiedemanni	M	Desmodus rotundus	M	CCTAAGAC	AAGGAGTA	HC	21217	61217	0.69	1079	Phyllostomidae	Sanguivore	Streblidae	REGArea
1080-1	REGUA3	Megistopoda proxima	M	Sturnira lilium	M	CGAGGCTG	CTCTCTAT	LC	41217	61217	0.32	1080	Phyllostomidae	Frugivore	Streblidae	REGArea
1080-2	REGUA3	Megistopoda proxima	M	Sturnira lilium	M	CGAGGCTG	TATCCTCT	HC	41217	61217	1.07	1080	Phyllostomidae	Frugivore	Streblidae	REGArea
1086	REGUA3	Basilia juquiensis	M	Myotis nigricans	M	TCGACGTC	ACTGCATA	HC	291117	61217	1.24	1086	Vespertillionidae	Insectivore	Nycteribiidae	REGArea
1089-1	REGUA3	Paratrichobius longicrus	F	Artibeus lituratus	F	AGGCAGAA	CCTAGAGT	HC	41017	51217	1.06	1089	Phyllostomidae	Frugivore	Streblidae	REGArea
1089-2	REGUA3	Paratrichobius longicrus	M	Artibeus lituratus	F	AGGCAGAA	GCGTAAGA	LC	41017	51217	0.66	1089	Phyllostomidae	Frugivore	Streblidae	REGArea
1091-1	REGUA3	Trichobius joblingi	M	Carollia perspicillata	F	GTAGAGGA	AAGGCTAT	HC	121017	51217	1.26	1091	Phyllostomidae	Frugivore	Streblidae	REGArea
1091-2	REGUA3	Strebla guajiro	M	Carollia perspicillata	F	GTAGAGGA	GAGCCTTA	HC	211117	51217	1.2	1091	Phyllostomidae	Frugivore	Streblidae	REGArea
1111-1	REGUA3	Basilia juquiensis	M	Myotis nigricans	M	TCGACGTC	AAGGAGTA	HC	291117	61217	1.19	1111	Vespertillionidae	Insectivore	Nycteribiidae	REGArea
1111-2	REGUA3	Basilia juquiensis	M	Myotis nigricans	M	TCGACGTC	CTAAGCCT	HC	291117	61217	1.35	1111	Vespertillionidae	Insectivore	Nycteribiidae	REGArea
1111-5	REGUA3	Basilia juquiensis	F	Myotis nigricans	M	TAAGGCGA	CTCTCTAT	HC	291117	61217	0.63	1111	Vespertillionidae	Insectivore	Nycteribiidae	REGArea
1111-6	REGUA3	Basilia juquiensis	F	Myotis nigricans	M	TAAGGCGA	TATCCTCT	HC	291117	61217	0.94	1111	Vespertillionidae	Insectivore	Nycteribiidae	REGArea
1111-7	REGUA3	Basilia juquiensis	M	Myotis nigricans	M	TAAGGCGA	GTAAGGAG	HC	291117	61217	1.37	1111	Vespertillionidae	Insectivore	Nycteribiidae	REGArea
1114	REGUA3	Paratrichobius longicrus	F	Artibeus lituratus	F	AGGCAGAA	AAGGCTAT	HC	41017	51217	0.71	1114	Phyllostomidae	Frugivore	Streblidae	REGArea
1116-2	REGUA3	Strebla guajiro	M	Carollia perspicillata	M	GCTCATGA	TTCTAGCT	HC	211117	51217	0.86	1116	Phyllostomidae	Frugivore	Streblidae	REGArea
1127	REGUA3	Paratrichobius longicrus	F	Artibeus lituratus	M	AGGCAGAA	GAGCCTTA	HC	41017	51217	1.06	1127	Phyllostomidae	Frugivore	Streblidae	REGArea
1141-1	REGUA3	Paratrichobius longicrus	M	Artibeus lituratus	F	AGGCAGAA	TTATGCGA	HC	41017	51217	1.8	1141	Phyllostomidae	Frugivore	Streblidae	REGArea
1141-2	REGUA3	Paratrichobius longicrus	M	Artibeus lituratus	F	TCCTGAGC	TCGACTAG	HC	41017	51217	1.1	1141	Phyllostomidae	Frugivore	Streblidae	REGArea
1155-1	REGUA3	Aspidoptera falcata	F	Sturnira lilium	F	CGAGGCTG	GTAAGGAG	HC	41217	61217	0.75	1155	Phyllostomidae	Frugivore	Streblidae	REGArea
1155-2	REGUA3	Aspidoptera falcata	M	Sturnira lilium	F	CGAGGCTG	ACTGCATA	LC	41217	61217	0.51	1155	Phyllostomidae	Frugivore	Streblidae	REGArea
1155-4	REGUA3	Aspidoptera falcata	F	Sturnira lilium	F	CGAGGCTG	CTAAGCCT	HC	41217	61217	0.83	1155	Phyllostomidae	Frugivore	Streblidae	REGArea
1155-5	REGUA3	Aspidoptera falcata	F	Sturnira lilium	F	CGAGGCTG	CGTCTAAT	HC	41217	61217	0.63	1155	Phyllostomidae	Frugivore	Streblidae	REGArea
1155-6	REGUA3	Aspidoptera falcata	F	Sturnira lilium	F	CGAGGCTG	TCTCTCCG	HC	41217	61217	0.94	1155	Phyllostomidae	Frugivore	Streblidae	REGArea
126-1	LI6	Megistopoda proxima		Sturnira lilium	F	GGACTCCT	CGTCTAAT	HC	180917	61217	1.1	126	Phyllostomidae	Frugivore	Streblidae	LIMI
126-2	LI6	Megistopoda proxima	F	Sturnira lilium	F	GGACTCCT	TCTCTCCG	HC	31217	61217	0.66	126	Phyllostomidae	Frugivore	Streblidae	LIMI
126-4	LI6	Megistopoda proxima	M	Sturnira lilium	F	TAGGCATG	TATCCTCT	HC	31217	61217	1.06	126	Phyllostomidae	Frugivore	Streblidae	LIMI
128-2	LI6	Trichobius joblingi	F	Carollia perspicillata	M	CGAGGCTG	CTATTAAG	HC	121017	51217	1.08	128	Phyllostomidae	Frugivore	Streblidae	LIMI
129	LI6	Paratrichobius longicrus	F	Artibeus lituratus	F	TAAGGCGA	TCGACTAG	HC	21017	51217	0.99	129	Phyllostomidae	Frugivore	Streblidae	LIMI
133	LI6	Basilia juquiensis	F	Myotis nigricans	M	CGTACTAG	CGTCTAAT	HC	21217	61217	1.7	133	Vespertillionidae	Insectivore	Nycteribiidae	LIMI
137-1	LI6	Basilia andersoni	F	Myotis nigricans	M	CGTACTAG	TCTCTCCG	HC	21217	61217	0.66	137	Vespertillionidae	Insectivore	Nycteribiidae	LIMI
137-2	LI6	Basilia juquiensis	F	Myotis nigricans	M	AGGCAGAA	CTCTCTAT	HC	21217	61217	0.59	137	Vespertillionidae	Insectivore	Nycteribiidae	LIMI
137-3	LI6	Basilia juquiensis	M	Myotis nigricans	M	AGGCAGAA	TATCCTCT	HC	291117	61217	0.77	137	Vespertillionidae	Insectivore	Nycteribiidae	LIMI
143-1	LI8	Paratrichobius longicrus	M	Artibeus lituratus	F	TAAGGCGA	TTCTAGCT	HC	21017	51217	0.7	143	Phyllostomidae	Frugivore	Streblidae	LIMI
143-2	LI8	Paratrichobius longicrus	M	Artibeus lituratus	F	TAAGGCGA	CCTAGAGT	HC	21017	51217	0.66	143	Phyllostomidae	Frugivore	Streblidae	LIMI
144	LI8	Paratrichobius longicrus	M	Artibeus lituratus	F	TAAGGCGA	GCGTAAGA	HC	21017	51217	0.75	144	Phyllostomidae	Frugivore	Streblidae	LIMI
147-1	LI8	Basilia andersoni	M	Myotis nigricans	F	AGGCAGAA	GTAAGGAG	HC	291117	61217	0.63	147	Vespertillionidae	Insectivore	Nycteribiidae	LIMI
147-2	LI8	Basilia lindolphoi	F	Myotis nigricans	F	AGGCAGAA	ACTGCATA	HC	21217	61217	0.7	147	Vespertillionidae	Insectivore	Nycteribiidae	LIMI
147-3	LI8	Basilia lindolphoi	F	Myotis nigricans	F	AGGCAGAA	AAGGAGTA	HC	21217	61217	2.32	147	Vespertillionidae	Insectivore	Nycteribiidae	LIMI
163-1	LI8	Basilia ferruginea	M	Myotis riparius	M	TCCTGAGC	TATCCTCT	HC	21217	61217	1.06	163	Vespertillionidae	Insectivore	Nycteribiidae	LIMI
163-2	LI8	Basilia ferruginea	M	Myotis riparius	M	TCCTGAGC	GTAAGGAG	HC	21217	61217	0.79	163	Vespertillionidae	Insectivore	Nycteribiidae	LIMI
163-3	LI8	Basilia ferruginea	F	Myotis riparius	M	TCCTGAGC	ACTGCATA	HC	21217	61217	1.23	163	Vespertillionidae	Insectivore	Nycteribiidae	LIMI
165-1	LI8	Megistopoda proxima	F	Sturnira lilium	F	TAGGCATG	ACTGCATA	HC	31217	61217	0.71	165	Phyllostomidae	Frugivore	Streblidae	LIMI
165-5	LI8	Megistopoda proxima	M	Sturnira lilium	F	TAGGCATG	TCTCTCCG	HC	31217	61217	0.8	165	Phyllostomidae	Frugivore	Streblidae	LIMI
165-6	LI8	Megistopoda proxima	M	Sturnira lilium	F	CTCTCTAC	CTCTCTAT	HC	31217	61217	0.88	165	Phyllostomidae	Frugivore	Streblidae	LIMI
168-1	T19	Strebla guajiro	F	Carollia perspicillata		GGAGCTAC	CTAAGCCT	LC	241117	61217	0.48	168	Phyllostomidae	Frugivore	Streblidae	REGArea
168-2	T19	Trichobius dugesioides	F	Carollia perspicillata		GGAGCTAC	AAGGAGTA	LC	241117	61217	0.63	168	Phyllostomidae	Frugivore	Streblidae	REGArea
190-1	T19	Speiseria ambigua	M	Carollia perspicillata	F	GGAGCTAC	CGTCTAAT	LC	241117	61217	0.4	190	Phyllostomidae	Frugivore	Streblidae	REGArea
190-2	T19	Speiseria ambigua	F	Carollia perspicillata	F	GGAGCTAC	TCTCTCCG	HC	241117	61217	1.04	190	Phyllostomidae	Frugivore	Streblidae	REGArea
190-3	T19	Trichobius dugesioides	M	Carollia perspicillata	F	GCGTAGTA	CTCTCTAT	HC	241117	61217	1.05	190	Phyllostomidae	Frugivore	Streblidae	REGArea
226-1	T19	Trichobius joblingi	F	Carollia perspicillata	F	GCGTAGTA	TATCCTCT	HC	241117	61217	0.69	226	Phyllostomidae	Frugivore	Streblidae	REGArea
226-3	T19	Speiseria ambigua	M	Carollia perspicillata	F	GCGTAGTA	ACTGCATA	HC	241117	61217	0.63	226	Phyllostomidae	Frugivore	Streblidae	REGArea
235-1	T19	Megistopoda proxima	M	Sturnira lilium	F	GTAGAGGA	TATCCTCT	HC	41217	61217	0.76	235	Phyllostomidae	Frugivore	Streblidae	REGArea
235-2	T19	Aspidoptera falcata	F	Sturnira lilium	F	GTAGAGGA	GTAAGGAG	HC	41217	61217	0.76	235	Phyllostomidae	Frugivore	Streblidae	REGArea
235-3	T19	Aspidoptera falcata	M	Sturnira lilium	F	GTAGAGGA	ACTGCATA	HC	41217	61217	0.84	235	Phyllostomidae	Frugivore	Streblidae	REGArea
236-1	T19	Speiseria ambigua	F	Carollia perspicillata	F	GCGTAGTA	AAGGAGTA	HC	241117	61217	0.77	236	Phyllostomidae	Frugivore	Streblidae	REGArea
236-2	T19	Strebla guajiro	M	Carollia perspicillata	F	GCGTAGTA	CTAAGCCT	HC	251171	61217	0.73	236	Phyllostomidae	Frugivore	Streblidae	REGArea
238-1	T19	Megistopoda proxima	M	Sturnira lilium	F	GTAGAGGA	AAGGAGTA	HC	41217	61217	0.6	238	Phyllostomidae	Frugivore	Streblidae	REGArea
305-1	T19	Paraeuctenodes similis	M	Carollia perspicillata	F	GCGTAGTA	CGTCTAAT	HC	251171	61217	1.26	305	Phyllostomidae	Frugivore	Streblidae	REGArea
308-1	T11	Speiseria ambigua	F	Carollia perspicillata	F	ATCTCAGG	TTCTAGCT	HC	211117	51217	1.5	308	Phyllostomidae	Frugivore	Streblidae	REGArea
308-2	T11	Trichobius joblingi	M	Carollia perspicillata	F	ATCTCAGG	CCTAGAGT	HC	211117	51217	3.56	308	Phyllostomidae	Frugivore	Streblidae	REGArea
309-2	T11	Strebla guajiro	F	Carollia perspicillata	M	ATCTCAGG	CTATTAAG	HC	211117	51217	0.93	309	Phyllostomidae	Frugivore	Streblidae	REGArea
312-1	REGUA	Trichobius furmani	F	Desmodus rotundus	F	ACTGAGCG	TATCCTCT	HC	21217	61217	0.99	312	Phyllostomidae	Sanguivore	Streblidae	REGArea
312-2	REGUA	Trichobius furmani	M	Desmodus rotundus	F	ACTGAGCG	GTAAGGAG	HC	21217	61217	0.59	312	Phyllostomidae	Sanguivore	Streblidae	REGArea
312-3	REGUA	Strebla wiedemanni	M	Desmodus rotundus	F	ACTGAGCG	ACTGCATA	HC	21217	61217	0.81	312	Phyllostomidae	Sanguivore	Streblidae	REGArea
314	REGUA	Strebla wiedemanni	M	Desmodus rotundus	M	ACTGAGCG	AAGGAGTA	HC	21217	61217	0.6	314	Phyllostomidae	Sanguivore	Streblidae	REGArea
315-1	T10	Trichobius joblingi	M	Carollia perspicillata	F	GCTCATGA	CCTAGAGT	HC	211117	51217	1.34	315	Phyllostomidae	Frugivore	Streblidae	REGArea
315-2	T10	Trichobius joblingi	M	Carollia perspicillata	F	GCTCATGA	GCGTAAGA	HC	211117	51217	1.33	315	Phyllostomidae	Frugivore	Streblidae	REGArea
317-1	T10	Speiseria ambigua	F	Carollia perspicillata	F	GCTCATGA	AAGGCTAT	HC	211117	51217	1.01	317	Phyllostomidae	Frugivore	Streblidae	REGArea
317-2	T10	Trichobius joblingi	M	Carollia perspicillata	F	GCTCATGA	GAGCCTTA	HC	211117	51217	0.84	317	Phyllostomidae	Frugivore	Streblidae	REGArea
335-1	REGUA	Aspidoptera falcata	F	Sturnira lilium		CTCTCTAC	TATCCTCT	HC	31217	61217	0.62	335	Phyllostomidae	Frugivore	Streblidae	REGArea
336-1	REGUA	Megistopoda proxima	F	Sturnira lilium		CTCTCTAC	ACTGCATA	HC	41217	61217	0.59	336	Phyllostomidae	Frugivore	Streblidae	REGArea
336-2	REGUA	Megistopoda proxima	F	Sturnira lilium		CTCTCTAC	AAGGAGTA	HC	41217	61217	0.91	336	Phyllostomidae	Frugivore	Streblidae	REGArea
338	T19	Trichobius joblingi	F	Sturnira lilium	F	GTAGAGGA	CGTCTAAT	HC	41217	61217	0.63	338	Phyllostomidae	Frugivore	Streblidae	REGArea
340-2	REGUA	Aspidoptera falcata	F	Sturnira lilium	M	CTCTCTAC	CGTCTAAT	HC	41217	61217	0.91	340	Phyllostomidae	Frugivore	Streblidae	REGArea
340-3	REGUA	Aspidoptera falcata	F	Sturnira lilium	M	CTCTCTAC	TCTCTCCG	HC	41217	61217	0.9	340	Phyllostomidae	Frugivore	Streblidae	REGArea
349-1	T10	Speiseria ambigua	M	Carollia perspicillata	F	GCTCATGA	TTATGCGA	HC	211117	51217	2.22	349	Phyllostomidae	Frugivore	Streblidae	REGArea
352-2	T10	Megistopoda proxima	F	Sturnira lilium	F	AAGAGGCA	TATCCTCT	HC	41217	61217	1.05	352	Phyllostomidae	Frugivore	Streblidae	REGArea
359-1	T10	Strebla wiedemanni	M	Desmodus rotundus	F	CGATCAGT	CTCTCTAT	HC	21217	61217	1.53	359	Phyllostomidae	Sanguivore	Streblidae	REGArea
359-2	T10	Strebla wiedemanni	M	Desmodus rotundus	F	CGATCAGT	TATCCTCT	HC	21217	61217	0.72	359	Phyllostomidae	Sanguivore	Streblidae	REGArea
359-3	T10	Trichobius furmani	M	Desmodus rotundus	F	CGATCAGT	GTAAGGAG	HC	21217	61217	0.84	359	Phyllostomidae	Sanguivore	Streblidae	REGArea
360-1	T10	Aspidoptera falcata	F	Sturnira lilium	F	AAGAGGCA	GTAAGGAG	HC	41217	61217	0.66	360	Phyllostomidae	Frugivore	Streblidae	REGArea
362	T10	Strebla wiedemanni	F	Desmodus rotundus	F	CGATCAGT	ACTGCATA	HC	21217	61217	0.69	362	Phyllostomidae	Sanguivore	Streblidae	REGArea
373-1	REGUA	Trichobius dugesioides	F	Carollia perspicillata	M	AAGAGGCA	TCGACTAG	HC	121017	51217	1.4	373	Phyllostomidae	Frugivore	Streblidae	REGArea
373-3	REGUA	Trichobius joblingi	M	Carollia perspicillata	M	AAGAGGCA	CCTAGAGT	HC	121017	51217	1.18	373	Phyllostomidae	Frugivore	Streblidae	REGArea
377	REGUA	Metelasmus pseudopterus		Artibeus lituratus	M	TAAGGCGA	CTATTAAG	HC	21017	51217	0.64	377	Phyllostomidae	Frugivore	Streblidae	REGArea
38801	T21	Trichobius dugesioides	F	Carollia perspicillata	F	CGGAGCCT	ACTGCATA	HC	251171	61217	0.72	388	Phyllostomidae	Frugivore	Streblidae	REGArea
389-1	T21	Aspidoptera falcata	M	Sturnira lilium	F	GTAGAGGA	TCTCTCCG	HC	41217	61217	0.77	389	Phyllostomidae	Frugivore	Streblidae	REGArea
389-2	T21	Aspidoptera falcata	F	Sturnira lilium	F	GCTCATGA	CTCTCTAT	HC	41217	61217	0.76	389	Phyllostomidae	Frugivore	Streblidae	REGArea
389-3	T21	Aspidoptera falcata	F	Sturnira lilium	F	GCTCATGA	TATCCTCT	HC	41217	61217	0.86	389	Phyllostomidae	Frugivore	Streblidae	REGArea
389-4	T21	Aspidoptera falcata	M	Sturnira lilium	F	GCTCATGA	GTAAGGAG	HC	41217	61217	0.74	389	Phyllostomidae	Frugivore	Streblidae	REGArea
389-5	T21	Megistopoda proxima	F	Sturnira lilium	F	GCTCATGA	ACTGCATA	HC	41217	61217	0.87	389	Phyllostomidae	Frugivore	Streblidae	REGArea
390	T21	Speiseria ambigua	M	Carollia perspicillata	F	CGGAGCCT	AAGGAGTA	HC	251171	61217	1.17	390	Phyllostomidae	Frugivore	Streblidae	REGArea
392-1	T21	Strebla guajiro	F	Carollia perspicillata	F	CGGAGCCT	CTAAGCCT	HC	251171	61217	1.18	392	Phyllostomidae	Frugivore	Streblidae	REGArea
392-2	T21	Trichobius joblingi	F	Carollia perspicillata	F	CGGAGCCT	CGTCTAAT	HC	251171	61217	0.6	392	Phyllostomidae	Frugivore	Streblidae	REGArea
396-1	T21	Strebla guajiro	F	Carollia perspicillata	F	CGGAGCCT	TCTCTCCG	HC	251171	61217	1.37	396	Phyllostomidae	Frugivore	Streblidae	REGArea
416	T21	Paratrichobius longicrus	M	Artibeus lituratus	F	TAGGCATG	GCGTAAGA	LC	41017	51217	0.57	416	Phyllostomidae	Frugivore	Streblidae	REGArea
430-1	T21	Strebla guajiro	F	Carollia perspicillata	F	TACGCTGC	ACTGCATA	HC	271117	61217	1.14	430	Phyllostomidae	Frugivore	Streblidae	REGArea
472-1	T12	Paratrichobius longicrus	F	Artibeus lituratus	F	TCCTGAGC	TTCTAGCT	HC	41017	51217	0.85	472	Phyllostomidae	Frugivore	Streblidae	REGArea
472-2	T12	Paratrichobius longicrus	M	Artibeus lituratus	F	TCCTGAGC	CCTAGAGT	HC	41017	51217	1.38	472	Phyllostomidae	Frugivore	Streblidae	REGArea
474-1	T12	Paratrichobius longicrus	M	Artibeus lituratus	F	TCCTGAGC	GCGTAAGA	HC	41017	51217	1.19	474	Phyllostomidae	Frugivore	Streblidae	REGArea
474-2	T12	Paratrichobius longicrus	M	Artibeus lituratus	F	TCCTGAGC	CTATTAAG	HC	41017	51217	1.33	474	Phyllostomidae	Frugivore	Streblidae	REGArea
485-1	T12	Strebla guajiro		Carollia perspicillata	F	ATCTCAGG	TTATGCGA	HC	211117	51217	1.34	485	Phyllostomidae	Frugivore	Streblidae	REGArea
485-2	T12	Speiseria ambigua	M	Carollia perspicillata	F	ACTCGCTA	CTCTCTAT	LC	211117	61217	0.46	485	Phyllostomidae	Frugivore	Streblidae	REGArea
485-3	T12	Trichobius joblingi		Carollia perspicillata	F	ACTCGCTA	TATCCTCT	HC	211117	61217	0.87	485	Phyllostomidae	Frugivore	Streblidae	REGArea
498-1	T12	Paratrichobius longicrus	M	Artibeus lituratus	M	TCCTGAGC	AAGGCTAT	HC	41017	51217	1.02	498	Phyllostomidae	Frugivore	Streblidae	REGArea
504-1	T26	Trichobius joblingi		Carollia perspicillata	F	TAGCGCTC	GTAAGGAG	LC	271117	61217	0.36	504	Phyllostomidae	Frugivore	Streblidae	REGArea
506-2	T26	Aspidoptera falcata	F	Sturnira lilium	F	CGAGGCTG	TTATGCGA	HC	41217	51217	1.18	506	Phyllostomidae	Frugivore	Streblidae	REGArea
506-3	T26	Aspidoptera falcata	F	Sturnira lilium	F	AAGAGGCA	TTATGCGA	HC	41217	51217	1.07	506	Phyllostomidae	Frugivore	Streblidae	REGArea
506-4	T26	Megistopoda proxima	M	Sturnira lilium	F	GTAGAGGA	CTATTAAG	HC	41217	51217	0.97	506	Phyllostomidae	Frugivore	Streblidae	REGArea
509	T26	Trichobius joblingi	F	Carollia perspicillata	M	TAGCGCTC	AAGGAGTA	HC	291117	61217	3.73	509	Phyllostomidae	Frugivore	Streblidae	REGArea
510	T26	Speiseria ambigua	F	Carollia perspicillata	F	TAGCGCTC	CTAAGCCT	HC	291117	61217	0.63	510	Phyllostomidae	Frugivore	Streblidae	REGArea
524-1	T26	Paratrichobius longicrus	F	Artibeus lituratus	F	CTCTCTAC	AAGGCTAT	HC	121017	51217	0.91	524	Phyllostomidae	Frugivore	Streblidae	REGArea
524-2	T26	Paratrichobius longicrus	F	Artibeus lituratus	F	CTCTCTAC	GAGCCTTA	HC	121017	51217	1.39	524	Phyllostomidae	Frugivore	Streblidae	REGArea
528-1	T26	Aspidoptera falcata	M	Sturnira lilium	F	GCTCATGA	CTATTAAG	HC	41217	51217	1.1	528	Phyllostomidae	Frugivore	Streblidae	REGArea
528-2	T26	Aspidoptera falcata		Sturnira lilium	F	GCGTAGTA	GTAAGGAG	HC	41217	51217	1.18	528	Phyllostomidae	Frugivore	Streblidae	REGArea
552	T26	Paraeuctenodes similis	M	Carollia perspicillata	F	TAGCGCTC	TCTCTCCG	HC	291117	61217	1.26	552	Phyllostomidae	Frugivore	Streblidae	REGArea
558	T26	Trichobius joblingi	M	Carollia perspicillata	F	ACTGAGCG	CTCTCTAT	HC	291117	61217	1.56	558	Phyllostomidae	Frugivore	Streblidae	REGArea
572	T26	Paratrichobius longicrus	M	Artibeus lituratus	F	CGAGGCTG	TCGACTAG	LC	121017	51217	0.41	572	Phyllostomidae	Frugivore	Streblidae	REGArea
576	T13	Paratrichobius longicrus	M	Artibeus lituratus	M	GGACTCCT	TCGACTAG	LC	41017	51217	0.5	576	Phyllostomidae	Frugivore	Streblidae	REGArea
588-1	T13	Paratrichobius longicrus	F	Artibeus lituratus	M	GGACTCCT	TTCTAGCT	HC	41017	51217	1.09	588	Phyllostomidae	Frugivore	Streblidae	REGArea
588-2	T13	Paratrichobius longicrus	M	Artibeus lituratus	M	GGACTCCT	CCTAGAGT	HC	41017	51217	1.33	588	Phyllostomidae	Frugivore	Streblidae	REGArea
591-1	T13	Basilia juquiensis	F	Myotis riparius	F	GGACTCCT	CTCTCTAT	HC	21217	61217	0.75	591	Vespertillionidae	Insectivore	Nycteribiidae	REGArea
591-2	T13	Basilia juquiensis	M	Myotis riparius	F	GGACTCCT	TATCCTCT	HC	21217	61217	0.75	591	Vespertillionidae	Insectivore	Nycteribiidae	REGArea
591-3	T13	Basilia juquiensis	M	Myotis riparius	F	GGACTCCT	GTAAGGAG	HC	21217	61217	2.11	591	Vespertillionidae	Insectivore	Nycteribiidae	REGArea
591-4	T13	Basilia juquiensis	M	Myotis riparius	F	GGACTCCT	ACTGCATA	LC	21217	61217	0.27	591	Vespertillionidae	Insectivore	Nycteribiidae	REGArea
608-1	T12	Speiseria ambigua	M	Carollia perspicillata	F	ACTCGCTA	GTAAGGAG	HC	211117	61217	0.68	608	Phyllostomidae	Frugivore	Streblidae	REGArea
608-2	T12	Trichobius joblingi	F	Carollia perspicillata	F	ACTCGCTA	ACTGCATA	HC	241117	61217	0.59	608	Phyllostomidae	Frugivore	Streblidae	REGArea
608-3	T12	Trichobius joblingi		Carollia perspicillata	F	ACTCGCTA	AAGGAGTA	HC	241117	61217	1.06	608	Phyllostomidae	Frugivore	Streblidae	REGArea
610-2	T12	Basilia juquiensis	M	Myotis nigricans	M	TAAGGCGA	AAGGAGTA	HC	291117	61217	1.14	610	Vespertillionidae	Insectivore	Nycteribiidae	REGArea
613-1	T12	Strebla guajiro	M	Carollia perspicillata	M	ACTCGCTA	CTAAGCCT	HC	241117	61217	1.38	613	Phyllostomidae	Frugivore	Streblidae	REGArea
620-1	T13	Speiseria ambigua	F	Carollia perspicillata	M	GGAGCTAC	CTCTCTAT	HC	241117	61217	0.61	620	Phyllostomidae	Frugivore	Streblidae	REGArea
620-2	T13	Trichobius joblingi	M	Carollia perspicillata	M	GGAGCTAC	TATCCTCT	HC	241117	61217	1.28	620	Phyllostomidae	Frugivore	Streblidae	REGArea
622	T13	Paratrichobius longicrus	M	Artibeus lituratus	M	GGACTCCT	GCGTAAGA	HC	41017	51217	0.97	622	Phyllostomidae	Frugivore	Streblidae	REGArea
631	T12	Paratrichobius longicrus	M	Artibeus lituratus	F	TCCTGAGC	TTATGCGA	HC	41017	51217	0.99	631	Phyllostomidae	Frugivore	Streblidae	REGArea
645-1	T13	Trichobius joblingi	F	Carollia perspicillata	F	GGAGCTAC	GTAAGGAG	HC	241117	61217	0.72	645	Phyllostomidae	Frugivore	Streblidae	REGArea
675-1	T21	Strebla guajiro	M	Carollia perspicillata	F	TACGCTGC	AAGGAGTA	HC	271117	61217	1.28	675	Phyllostomidae	Frugivore	Streblidae	REGArea
736-1	REGUA	Basilia juquiensis	M	Artibeus lituratus	M	TAAGGCGA	AAGGCTAT	HC	21017	51217	1.86	736	Phyllostomidae	Frugivore	Nycteribiidae	REGArea
736-2	REGUA	Basilia juquiensis	F	Artibeus lituratus	M	TAAGGCGA	GAGCCTTA	HC	21017	51217	1.28	736	Phyllostomidae	Frugivore	Nycteribiidae	REGArea
736-3	REGUA	Basilia juquiensis	M	Artibeus lituratus	M	TAAGGCGA	TTATGCGA	HC	21017	51217	1.21	736	Phyllostomidae	Frugivore	Nycteribiidae	REGArea
744-1	T11	Megistopoda proxima	F	Sturnira lilium	F	AAGAGGCA	CTAAGCCT	HC	41217	61217	0.64	744	Phyllostomidae	Frugivore	Streblidae	REGArea
744-2	T11	Megistopoda proxima	F	Sturnira lilium	F	AAGAGGCA	CGTCTAAT	HC	41217	61217	0.62	744	Phyllostomidae	Frugivore	Streblidae	REGArea
745-1	T11	Strebla guajiro	F	Carollia perspicillata	M	ATCTCAGG	AAGGCTAT	HC	211117	51217	0.8	745	Phyllostomidae	Frugivore	Streblidae	REGArea
746-1	T11	Basilia juquiensis	M	Myotis riparius	F	TCCTGAGC	AAGGAGTA	HC	21217	61217	1.22	746	Vespertillionidae	Insectivore	Nycteribiidae	REGArea
746-2	T11	Basilia juquiensis	F	Myotis riparius	F	TCCTGAGC	CTAAGCCT	HC	21217	61217	1.03	746	Vespertillionidae	Insectivore	Nycteribiidae	REGArea
747	T11	Megistopoda proxima	F	Sturnira lilium	F	AAGAGGCA	TCTCTCCG	HC	41217	61217	0.59	747	Phyllostomidae	Frugivore	Streblidae	REGArea
763	T2	Paratrichobius longicrus	M	Carollia perspicillata	F	GCGTAGTA	TCTCTCCG	HC	251171	61217	1.27	763	Phyllostomidae	Frugivore	Streblidae	REGArea
770-1	T2	Speiseria ambigua	F	Artibeus lituratus	F	GGACTCCT	CTATTAAG	HC	41017	51217	0.76	770	Phyllostomidae	Frugivore	Streblidae	REGArea
770-2	T2	Speiseria ambigua	M	Artibeus lituratus	F	GGACTCCT	AAGGCTAT	HC	41017	51217	2.04	770	Phyllostomidae	Frugivore	Streblidae	REGArea
770-3	T2	Trichobius joblingi	M	Artibeus lituratus	F	GGACTCCT	GAGCCTTA	HC	41017	51217	1.11	770	Phyllostomidae	Frugivore	Streblidae	REGArea
770-4	T2	Trichobius joblingi	M	Artibeus lituratus	F	GGACTCCT	TTATGCGA	LC	41017	51217	0.31	770	Phyllostomidae	Frugivore	Streblidae	REGArea
770-5	T2	Trichobius joblingi	M	Artibeus lituratus	F	TAGGCATG	TCGACTAG	HC	41017	51217	1.13	770	Phyllostomidae	Frugivore	Streblidae	REGArea
770-6	T2	Trichobius joblingi	M	Artibeus lituratus	F	TAGGCATG	TTCTAGCT	LC	41017	51217	0.38	770	Phyllostomidae	Frugivore	Streblidae	REGArea
773-1	REGUA	Strebla wiedemanni	F	Desmodus rotundus	M	ACTGAGCG	CTAAGCCT	HC	21217	61217	0.66	773	Phyllostomidae	Sanguivore	Streblidae	REGArea
773-2	REGUA	Strebla wiedemanni	F	Desmodus rotundus	M	ACTGAGCG	CGTCTAAT	HC	21217	61217	0.69	773	Phyllostomidae	Sanguivore	Streblidae	REGArea
774-1	REGUA	Strebla mirabilis	M	Desmodus rotundus	M	ACTGAGCG	TCTCTCCG	HC	21217	61217	0.78	774	Phyllostomidae	Sanguivore	Streblidae	REGArea
774-2	REGUA	Strebla wiedemanni	M	Desmodus rotundus	M	CCTAAGAC	CTCTCTAT	HC	21217	61217	2.99	774	Phyllostomidae	Sanguivore	Streblidae	REGArea
775-1	REGUA	Paratrichobius longicrus	F	Artibeus lituratus	F	CGTACTAG	TCGACTAG	HC	41017	51217	0.96	775	Phyllostomidae	Frugivore	Streblidae	REGArea
775-2	REGUA	Paratrichobius longicrus	M	Artibeus lituratus	F	CGTACTAG	TTCTAGCT	HC	41017	51217	0.97	775	Phyllostomidae	Frugivore	Streblidae	REGArea
778	REGUA	Paratrichobius longicrus	M	Artibeus lituratus	M	CGTACTAG	CCTAGAGT	HC	41017	51217	0.73	778	Phyllostomidae	Frugivore	Streblidae	REGArea
79501	T2	Trichobius joblingi	M	Carollia perspicillata	F	CGGAGCCT	CTCTCTAT	HC	251171	61217	0.76	795	Phyllostomidae	Frugivore	Streblidae	REGArea
810-1	T25	Speiseria ambigua	F	Carollia perspicillata	F	ATGCGCAG	GTAAGGAG	HC	271117	61217	0.81	810	Phyllostomidae	Frugivore	Streblidae	REGArea
817	T25	Trichobius joblingi	F	Desmodus rotundus	F	TGCAGCTA	CGTCTAAT	HC	31217	61217	0.67	817	Phyllostomidae	Sanguivore	Streblidae	REGArea
821	T25	Basilia juquiensis	M	Myotis riparius	M	GGACTCCT	CTAAGCCT	LC	21217	61217	0.82	821	Vespertillionidae	Insectivore	Nycteribiidae	REGArea
83-1	LI6	Basilia juquiensis		Myotis nigricans	M	TAAGGCGA	TCTCTCCG	HC	180917	61217	0.75	83	Vespertillionidae	Insectivore	Nycteribiidae	LIMI
83-2	LI6	Basilia juquiensis		Myotis nigricans	M	CGTACTAG	CTCTCTAT	HC	180917	61217	1.27	83	Vespertillionidae	Insectivore	Nycteribiidae	LIMI
853-1	T23	Speiseria ambigua	M	Desmodus rotundus	M	CGATCAGT	AAGGAGTA	HC	21217	61217	0.61	853	Phyllostomidae	Sanguivore	Streblidae	REGArea
853-2	T23	Trichobius dugesioides	F	Desmodus rotundus	M	CGATCAGT	CTAAGCCT	HC	21217	61217	1.36	853	Phyllostomidae	Sanguivore	Streblidae	REGArea
868-2	T25	Aspidoptera falcata	F	Sturnira lilium	M	ATCTCAGG	GTAAGGAG	HC	41217	61217	0.88	868	Phyllostomidae	Frugivore	Streblidae	REGArea
869-1	T25	Trichobius joblingi	F	Carollia perspicillata	M	ATGCGCAG	CTAAGCCT	HC	271117	61217	0.59	869	Phyllostomidae	Frugivore	Streblidae	REGArea
87-1	LI6	Basilia juquiensis	M	Myotis nigricans	M	CGTACTAG	TATCCTCT	HC	291117	61217	0.76	87	Vespertillionidae	Insectivore	Nycteribiidae	LIMI
87-2	LI6	Basilia juquiensis	F	Myotis nigricans	M	CGTACTAG	GTAAGGAG	HC	291117	61217	0.62	87	Vespertillionidae	Insectivore	Nycteribiidae	LIMI
87-3	LI6	Basilia juquiensis	M	Myotis nigricans	M	CGTACTAG	ACTGCATA	HC	291117	61217	0.69	87	Vespertillionidae	Insectivore	Nycteribiidae	LIMI
878	T25	Paratrichobius longicrus	M	Artibeus lituratus	F	CTCTCTAC	CCTAGAGT	HC	121017	51217	0.86	878	Phyllostomidae	Frugivore	Streblidae	REGArea
879-1	T25	Paratrichobius longicrus	F	Artibeus lituratus	F	CTCTCTAC	GCGTAAGA	HC	121017	51217	1.18	879	Phyllostomidae	Frugivore	Streblidae	REGArea
879-2	T25	Paratrichobius longicrus	M	Artibeus lituratus	F	CTCTCTAC	CTATTAAG	HC	121017	51217	0.99	879	Phyllostomidae	Frugivore	Streblidae	REGArea
881-1	T25	Aspidoptera falcata	M	Sturnira lilium	M	ATCTCAGG	AAGGAGTA	HC	41217	61217	1.43	881	Phyllostomidae	Frugivore	Streblidae	REGArea
881-3	T25	Aspidoptera falcata		Sturnira lilium	M	ATCTCAGG	CGTCTAAT	HC	41217	61217	0.61	881	Phyllostomidae	Frugivore	Streblidae	REGArea
882-1	T25	Trichobius joblingi	M	Carollia perspicillata	M	ATGCGCAG	CGTCTAAT	HC	271117	61217	1.44	882	Phyllostomidae	Frugivore	Streblidae	REGArea
885-1	T25	Strebla wiedemanni	M	Desmodus rotundus	M	TGCAGCTA	TCTCTCCG	HC	31217	61217	1.18	885	Phyllostomidae	Sanguivore	Streblidae	REGArea
885-2	T25	Strebla wiedemanni	M	Desmodus rotundus	M	TCGACGTC	CTCTCTAT	HC	31217	61217	0.8	885	Phyllostomidae	Sanguivore	Streblidae	REGArea
885-3	T25	Strebla wiedemanni	M	Desmodus rotundus	M	TCGACGTC	TATCCTCT	HC	31217	61217	0.77	885	Phyllostomidae	Sanguivore	Streblidae	REGArea
885-4	T25	Strebla wiedemanni	F	Desmodus rotundus	M	TCGACGTC	GTAAGGAG	HC	31217	61217	1.03	885	Phyllostomidae	Sanguivore	Streblidae	REGArea
886-1	T25	Strebla guajiro	M	Carollia perspicillata	M	ATGCGCAG	TCTCTCCG	HC	271117	61217	0.77	886	Phyllostomidae	Frugivore	Streblidae	REGArea
89-1	LI6	Trichobius joblingi		Carollia perspicillata	M	CGAGGCTG	TTCTAGCT	HC	180917	51217	1.15	89	Phyllostomidae	Frugivore	Streblidae	LIMI
89-2	LI6	Trichobius joblingi		Carollia perspicillata	M	CGAGGCTG	CCTAGAGT	HC	121017	51217	1.26	89	Phyllostomidae	Frugivore	Streblidae	LIMI
898-1	T25	Strebla guajiro	F	Carollia perspicillata	F	TAGCGCTC	CTCTCTAT	HC	271117	61217	2.32	898	Phyllostomidae	Frugivore	Streblidae	REGArea
909-1	T23	Trichobius joblingi	F	Carollia perspicillata	M	TACGCTGC	CTAAGCCT	HC	271117	61217	0.72	909	Phyllostomidae	Frugivore	Streblidae	REGArea
917-1	T23	Trichobius joblingi	M	Carollia perspicillata	F	TACGCTGC	TCTCTCCG	HC	271117	61217	0.83	917	Phyllostomidae	Frugivore	Streblidae	REGArea
917-2	T23	Trichobius joblingi	F	Carollia perspicillata	F	ATGCGCAG	CTCTCTAT	HC	271117	61217	1.01	917	Phyllostomidae	Frugivore	Streblidae	REGArea
919-1	T23	Basilia juquiensis	M	Myotis nigricans	F	TAAGGCGA	CTAAGCCT	HC	291117	61217	1.09	919	Vespertillionidae	Insectivore	Nycteribiidae	REGArea
919-2	T23	Basilia juquiensis	M	Myotis nigricans	F	TAAGGCGA	CGTCTAAT	HC	291117	61217	2.42	919	Vespertillionidae	Insectivore	Nycteribiidae	REGArea
922	T23	Trichobius joblingi	F	Desmodus rotundus	M	CGATCAGT	TCTCTCCG	HC	21217	61217	0.81	922	Phyllostomidae	Sanguivore	Streblidae	REGArea
925	T23	Paratrichobius longicrus	F	Artibeus lituratus	F	TAGGCATG	CTATTAAG	HC	121017	51217	1.91	925	Phyllostomidae	Frugivore	Streblidae	REGArea
928	T23	Basilia juquiensis	M	Myotis riparius	F	GGACTCCT	AAGGAGTA	LC	21217	61217	0.52	928	Vespertillionidae	Insectivore	Nycteribiidae	REGArea
929	T23	Megistopoda proxima	F	Sturnira lilium	F	GCTCATGA	CTAAGCCT	HC	41217	61217	0.75	929	Phyllostomidae	Frugivore	Streblidae	REGArea
937-1	T23	Strebla wiedemanni	F	Desmodus rotundus	M	TGCAGCTA	CTCTCTAT	HC	21217	61217	0.67	937	Phyllostomidae	Sanguivore	Streblidae	REGArea
937-2	T23	Strebla wiedemanni	M	Desmodus rotundus	M	TGCAGCTA	TATCCTCT	HC	21217	61217	0.61	937	Phyllostomidae	Sanguivore	Streblidae	REGArea
942	T23	Strebla wiedemanni	M	Desmodus rotundus	M	TGCAGCTA	GTAAGGAG	LC	21217	61217	0.27	942	Phyllostomidae	Sanguivore	Streblidae	REGArea
951-1	T23	Strebla wiedemanni	F	Desmodus rotundus	M	TGCAGCTA	ACTGCATA	HC	21217	61217	0.67	951	Phyllostomidae	Sanguivore	Streblidae	REGArea
951-2	T23	Strebla wiedemanni	M	Desmodus rotundus	M	TGCAGCTA	AAGGAGTA	HC	21217	61217	1.33	951	Phyllostomidae	Sanguivore	Streblidae	REGArea
955	T23	Megistopoda proxima	M	Sturnira lilium	M	ATCTCAGG	CTCTCTAT	LC	41217	61217	0.38	955	Phyllostomidae	Frugivore	Streblidae	REGArea
959	T23	Strebla wiedemanni	M	Desmodus rotundus	M	TGCAGCTA	CTAAGCCT	HC	21217	61217	0.73	959	Phyllostomidae	Sanguivore	Streblidae	REGArea
960-1	T23	Strebla guajiro	F	Carollia perspicillata	F	ATGCGCAG	TATCCTCT	LC	271117	61217	0.55	960	Phyllostomidae	Frugivore	Streblidae	REGArea
963-1	T23	Paratrichobius longicrus	M	Artibeus lituratus	M	TAGGCATG	GAGCCTTA	HC	121017	51217	1.28	963	Phyllostomidae	Frugivore	Streblidae	REGArea
965	T23	Paratrichobius longicrus	M	Artibeus lituratus	M	CTCTCTAC	TCGACTAG	HC	121017	51217	2.12	965	Phyllostomidae	Frugivore	Streblidae	REGArea
973-1	REGUA2	Paratrichobius longicrus	M	Artibeus lituratus	F	CGTACTAG	GCGTAAGA	LC	41017	51217	0.32	973	Phyllostomidae	Frugivore	Streblidae	REGArea
973-2	REGUA2	Paratrichobius longicrus	F	Artibeus lituratus	F	CGTACTAG	CTATTAAG	HC	41017	51217	1.15	973	Phyllostomidae	Frugivore	Streblidae	REGArea
977-2	REGUA2	Trichobius joblingi	M	Carollia perspicillata	M	AAGAGGCA	GAGCCTTA	HC	121017	51217	1.23	977	Phyllostomidae	Frugivore	Streblidae	REGArea
980-1	REGUA2	Paratrichobius longicrus	F	Artibeus lituratus	F	CGTACTAG	AAGGCTAT	HC	41017	51217	1.02	980	Phyllostomidae	Frugivore	Streblidae	REGArea
980-2	REGUA2	Paratrichobius longicrus	F	Artibeus lituratus	F	CGTACTAG	GAGCCTTA	HC	41017	51217	1.06	980	Phyllostomidae	Frugivore	Streblidae	REGArea
99	LI6	Basilia andersoni	M	Myotis nigricans	M	CGTACTAG	AAGGAGTA	HC	21217	61217	0.86	99	Vespertillionidae	Insectivore	Nycteribiidae	LIMI
Ext-						TACGCTGC	CGTCTAAT	LC	NA	NA	0.14	NA			Streblidae	REGArea
PCR-						ATGCGCAG	AAGGAGTA	LC	NA	NA	0.05	NA			Streblidae	REGArea